team_id,best_score
8669,9.0
6978,9.0
7020,9.0
4869,9.0
9615,9.0
9799,9
10650,8
8049,9.0
9085,9.0
10463,9
9888,9.0
10584,9
5752,9.0
10671,3.0
9455,9.0
10669,7.0
10618,7.0
5422,9.0
7234,9.0
4602,9.0
10673,3
10571,16.0
10425,9.0
10662,9
10664,9
6947,9.0
8885,9.0
10625,9.0
9215,9.0
9910,9
10514,9.0
5991,9.0
10578,9
10330,8.0
8668,9.0
5293,9.0
10304,9.0
9552,9.0
7983,9.0
10017,9.0
7461,9.0
10606,19
9941,6.0
8362,9.0
7865,9.0
7898,9.0
10593,9
9812,9.0
7726,9.0
9229,9.0
5479,9.0
8813,9.0
5310,9.0
7144,9.0
8769,9.0
7969,9.0
8248,9.0
6161,9.0
9881,9.0
8536,9.0
10672,16.0
6010,9.0
5290,9.0
10302,9.0
9963,9.0
10484,5
7653,9.0
6033,9.0
8068,9.0
8637,9.0
7532,9.0
9750,9.0
9392,9.0
7841,9.0
10667,16.0
9632,9.0
7135,9.0
10282,9.0
8728,9.0
7176,9.0
8902,9.0
10078,9.0
10426,9
9928,9.0
10299,9.0
6238,9
10503,9.0
6902,9.0
7718,9.0
7175,9.0
4863,9.0
9806,9.0
9648,9.0
8262,9.0
8680,9.0
10315,9.0
10245,9.0
7024,9.0
9107,9.0
10569,6.0
8840,9.0
8297,9.0
4411,9.0
5005,9.0
4991,9.0
7106,9.0
8346,9.0
6589,9
8220,9.0
10206,9
8909,9.0
8280,9.0
10663,7.0
9105,9.0
10610,2.0
10276,8.0
10609,8.0
6211,9.0
10022,9
10648,9.0
10472,9.0
10220,9
10666,8.0
8135,9.0
9287,9.0
10621,9.0
10594,8
4962,9
7427,9.0
9943,9.0
8193,8.0
10661,4.0
8607,9.0
7354,9.0
7733,9
6591,9.0
8211,9.0
10421,9.0
8772,9.0
9183,9.0
9976,9.0
10105,9.0
10051,9.0
10660,9
10053,9.0
9942,8.0
4773,9.0
9902,9.0
9797,9.0
10646,6
10572,9
8113,9.0
8574,9.0
9996,9
9166,8
4608,9.0
5995,9.0
10165,9
10398,4
7490,9.0
10659,3.0
10632,5.0
6665,9.0
9564,9
8504,9.0
10116,9.0
9275,9.0
8738,9.0
7137,6.0
10658,3
5973,9.0
8474,9
6800,9.0
4494,9.0
6667,9.0
10371,9
6922,9.0
10399,8
10655,16
9565,9.0
5378,9.0
9253,9.0
10360,3.0
7533,9.0
10654,8
9845,19
9973,8.0
7511,9.0
10652,16.0
10653,9.0
8203,9.0
4674,9.0
9827,5.0
9863,9.0
10633,9.0
10490,9
9724,9
9646,9.0
10604,16.0
7640,9.0
10372,8.0
8704,9
7642,9
10651,7
10502,8
10643,7
10644,6.0
10386,9.0
10605,9.0
10288,9.0
10649,8
7966,9.0
9868,9.0
10538,9.0
10637,9
9684,9.0
10509,9
6630,9.0
10097,9.0
7187,9.0
9939,9.0
10567,9.0
6595,8.0
10467,9.0
10627,5.0
6643,9.0
10577,7
10549,8
10218,5
7552,9.0
9803,9.0
10258,7
10645,4
6792,9.0
9789,8
9636,9
10488,9.0
10099,7
10391,8
9277,9.0
10261,9.0
9912,20
10596,4.0
10164,9.0
10640,9.0
10096,9.0
10473,9
8209,9.0
8963,9.0
10338,9.0
10115,9
10638,8
10622,8
9663,8.0
10278,7
10623,9.0
10626,5.0
10525,8.0
7472,9.0
9497,9.0
10581,4
10624,10
10316,7
7017,9.0
8305,9.0
9998,5
10616,7.0
10620,6
10619,6.0
8020,9.0
9139,9.0
8369,9
10613,12
9437,8
5540,9.0
10257,7.0
10614,6.0
10611,9.0
10615,12.0
10047,9
10566,8.0
10505,8
9887,8
5342,9
10396,16.0
6619,9.0
10328,8.0
10591,9.0
4501,9.0
10573,9.0
7264,9.0
7581,9.0
10603,4
10602,16.0
10474,9
10583,2.0
10254,9
10150,9.0
10590,6.0
10600,9
10599,6
10531,7.0
10587,9.0
9802,8.0
10598,9.0
4468,9.0
10412,9
10582,8.0
10595,8
8848,9.0
5909,9.0
10586,9
10565,3.0
10585,9.0
8515,9.0
10494,8
7666,9.0
10162,9
10417,8
10419,9
10588,7.0
10575,7
7348,9.0
10313,5.0
10310,8.0
10280,6.0
10576,6
7606,9.0
10420,9
7674,9.0
10556,9.0
10564,28.0
10562,9
10563,9
10561,9
10433,9.0
10560,9.0
10554,16
10553,9.0
10551,6.0
10028,9.0
9213,9.0
10544,9
10550,8
7339,9.0
10128,9
10521,9
10527,8
10191,8
9397,9.0
10540,8.0
10361,9
10523,5.0
7441,9
10344,7.0
10545,16.0
10546,6
10469,31.0
10541,6
10537,5
10332,9
10542,5.0
10157,6.0
10539,5.0
10179,9
7442,8
9875,8.0
10543,9.0
8161,7.0
9263,9
6242,9.0
10462,7
10267,9.0
10534,7
10535,17
4949,9.0
10529,5.0
10092,9.0
7885,9.0
9949,8
10522,16.0
10480,6
10528,8
10418,9.0
10052,9
10499,16
9622,9.0
9176,9.0
10146,9
10533,9
10532,15
10357,8.0
7481,5.0
9673,8.0
7872,9.0
10518,16.0
8026,9.0
7681,9.0
9959,9.0
5686,9.0
10192,9.0
9240,8.0
9768,9
10508,4
10326,9.0
10375,9.0
10524,8.0
9015,16.0
10510,9
10519,4
7823,9.0
7498,7.0
7379,9.0
10516,3.0
9728,9
10511,7
9735,9
10515,16.0
9100,9.0
10513,3
10512,7
6714,9.0
10506,19.0
10507,16
9921,9.0
10434,6
10458,9.0
10227,9.0
5607,9.0
10252,7
10333,9
8730,9.0
8111,9.0
10500,7
10076,9.0
9628,8
10493,8.0
6685,9.0
10226,8
10496,14
10497,11
10337,9.0
9710,16.0
9184,6
8197,9.0
10127,9
8110,6
10492,16.0
10491,8.0
7375,9
10290,9.0
8951,9.0
8120,9.0
10487,8
6586,9
10445,7
7445,9.0
10489,4
10020,9.0
6739,9.0
10094,9.0
6279,9.0
5167,9
9747,9.0
10475,9.0
10476,8.0
10413,8
9709,7
8823,9.0
10485,16
10453,7
10466,9
7376,9
6368,9.0
10482,16
7483,6.0
10163,16
10481,8
10461,5
10464,8.0
6056,5
10479,13
10477,6
9466,9.0
7911,9.0
10111,9.0
10471,8.0
10470,4
10205,9.0
9974,8.0
9694,9.0
10460,8
8008,9.0
10468,19.0
9496,9
9136,9.0
10083,8.0
10452,8.0
9540,9.0
10438,9
7299,9.0
7694,9.0
10408,3.0
7261,5.0
10465,7
7107,6
6679,7.0
9746,7.0
6898,9.0
8698,9.0
7324,9.0
10300,9.0
6415,8.0
10125,6.0
10457,19.0
10456,16
6745,9.0
7612,9
10059,9.0
10392,8.0
10447,7
5412,9.0
10295,6.0
7092,9.0
9785,9.0
10440,7.0
10190,16
10451,14
10448,4.0
7743,9.0
10394,7.0
9032,9.0
10414,8
6517,9.0
8618,5.0
8513,9.0
9870,9.0
10423,9.0
10442,4
10444,12
10443,7
9900,9.0
8121,9.0
10437,5
10098,9
6897,9
10268,6
9877,9.0
7480,9
10373,9.0
9906,9.0
10384,22
10427,17
10430,19
10431,17.0
10429,8.0
10428,16
10181,9.0
10365,8
9561,7.0
9659,4
10387,8.0
7434,9
10188,9
7842,9.0
10325,8.0
8905,7.0
6799,9.0
10170,9
10422,8.0
10033,9
8717,8
6089,5.0
10424,8
9618,9
10318,8
8200,9
6615,9.0
10225,9.0
10339,8.0
10393,9
5258,9.0
10301,7.0
5013,9.0
9857,6.0
10388,8
4688,9.0
10402,7.0
6915,8.0
10367,7
10368,4.0
10041,9.0
10381,6.0
10266,19.0
10080,9.0
10390,7
10340,5
10406,12
10129,9.0
10401,7
5153,9.0
10411,11
10403,19.0
10193,6
10404,3.0
10283,5.0
10409,16
9696,13
10397,19.0
8911,9
9764,16
9826,9
10395,14.0
9981,9.0
4680,6.0
4933,8.0
7340,9
9199,8
5406,10
9562,8
7719,6.0
10377,3.0
10259,4
10370,6.0
10378,6
10270,9
9539,9
10336,9.0
10366,6
9907,7
10376,8
7647,9.0
10374,16
6765,9.0
10335,7.0
8633,9.0
7285,9.0
7798,9.0
6762,9.0
10349,8.0
9693,9
6673,9.0
9616,9
10210,9.0
10235,9.0
5347,9.0
10185,5.0
10358,9
10355,5.0
10329,8.0
10364,16
5590,9.0
10352,14
10348,9
10350,20
10189,8.0
10228,8.0
10362,7
9322,4.0
10356,8.0
10363,6.0
10272,7.0
7055,9.0
10334,4
8783,8.0
10030,6
5009,9.0
9393,9.0
9439,9
10347,16
10345,5.0
10327,2
8038,9.0
9717,6.0
6290,9.0
10323,11
7242,9
10311,16.0
10308,8
10324,17
6893,8
10321,9
7230,4.0
10319,8
10320,15.0
9138,9
9742,9.0
10132,9.0
8214,7
10314,9
10309,8
10305,16.0
10307,8.0
10312,8.0
8626,9.0
9110,8.0
10303,6.0
8675,16.0
9831,7.0
9243,5
8989,9.0
9013,9.0
10292,5
9766,5.0
10297,16
10298,7.0
10294,8
10291,8.0
10293,8
10296,19.0
9578,7
8424,7
10279,5
10287,9
9412,9.0
9576,16
10114,6
9430,9
10281,7.0
10284,16.0
9674,8
10223,9.0
6297,9.0
8898,9.0
10277,8.0
9856,6
10108,3
9208,9.0
10240,17
10119,9.0
10274,16.0
10273,7.0
10275,8
10045,5.0
9203,9
7991,8
10263,16.0
8404,8.0
8716,9.0
10271,9
10265,16
10269,3.0
10264,9
10256,8.0
10255,7
9945,9.0
10262,19
10144,7.0
7875,9
10040,9.0
10244,9
8085,9.0
10044,9.0
10221,16.0
9676,9
10247,8.0
10217,8.0
10104,8
8259,8
10246,7
10216,6.0
10248,3
10073,7
10019,9.0
10241,22
7819,9
8589,9.0
10242,20.0
8463,6
10233,19.0
10239,1.0
6094,9.0
9748,9.0
9490,9
10234,9
10212,16.0
7734,16.0
10230,9.0
10050,9
10222,19
7504,9.0
9340,8.0
8635,7.0
8799,8.0
10219,6.0
10010,9.0
8434,9.0
8832,9.0
9991,6.0
10214,16
9142,9
9146,6.0
10106,7.0
4690,9.0
10202,16.0
10209,3
10207,4
9722,9.0
9716,7.0
9787,5
10203,10.0
9880,9.0
10199,34
10201,17
6794,9.0
10200,6
10197,9
10196,13
9805,8.0
10195,6
10194,8.0
9422,14
10002,8.0
7789,9
10000,9.0
10186,4.0
9069,9
10013,8.0
7081,9.0
10079,6
10152,6.0
10151,9
10182,8
10173,9
10168,9.0
10169,6
10154,8.0
9859,7
10075,9
9708,4.0
10184,16.0
10183,14
10176,16.0
10177,7.0
8712,7
10175,8
9666,8
9320,4.0
10178,8
10174,7
9953,16.0
8846,9.0
10172,12.0
9933,9
10035,8
10155,19
10167,9.0
9086,9.0
10166,6
9613,9
8526,9
4485,9.0
9936,9.0
10158,7
8763,8.0
8191,9.0
6652,9.0
6298,9.0
9984,8.0
9917,9
9824,2.0
7281,8.0
6593,9.0
10153,6.0
4469,9.0
7610,6
10018,9.0
9915,8.0
10149,7
9854,9
7890,7
10148,8
9582,4.0
10147,12
10142,4
9754,8.0
6584,9.0
10141,8
8481,9.0
9869,9.0
9544,8.0
9884,9.0
10087,5.0
10084,5.0
8883,8.0
10113,9.0
10139,13
9955,9.0
10131,7.0
9003,9.0
9850,8
10090,8
10121,9
9182,9.0
10130,9
10081,2
6338,9.0
8954,5
6903,8.0
10120,4
10126,12.0
9899,5.0
9270,5.0
9965,9
10117,8
6215,8.0
9879,7
9926,9.0
6248,9.0
8748,9.0
10093,8
10109,19
10082,6
10103,9.0
10074,8
10058,6.0
9607,9
10057,9.0
10100,14
9362,9
4488,9.0
4643,9.0
7801,9.0
10095,12
8572,9.0
10091,8.0
4735,12
10055,9
10043,3
10054,5.0
8682,9
10088,12.0
10086,8.0
10089,7
9387,7
9837,9
9375,9.0
5257,9.0
9418,9.0
10039,6.0
10077,6
5680,9.0
10072,9.0
10071,12.0
10070,7
8465,9
10069,4
10068,6.0
10067,9.0
10066,9.0
6693,9.0
7344,9.0
10025,9
10062,9
10060,9
10064,7
7728,9
10063,2.0
9566,9.0
7972,9.0
9755,4.0
9784,8
9687,6.0
10056,9
10036,3
10049,17.0
9374,9.0
10048,8.0
8679,8.0
10042,10
10037,7
9369,9
7635,6.0
10034,9.0
10029,3.0
7891,16.0
8857,9
9679,9
10007,4
10026,9
10008,7
10001,16.0
8847,9.0
9919,3.0
9727,9.0
7567,9.0
9896,9
10015,7.0
10016,9.0
9743,8.0
9862,6.0
8613,9
10014,9.0
10011,9.0
10012,8.0
9025,7
10006,7.0
9520,9.0
9024,8.0
10003,12
10004,4
9358,9.0
9927,8.0
9997,4
9999,8
4970,9.0
9994,9
9995,8
9992,3
7815,6
7964,9.0
9982,9
9985,8.0
9978,5
9987,20
9822,5
9989,8
9980,5.0
9986,9.0
9895,6
8753,8
7478,9.0
5763,8
8960,4
7669,9.0
9979,6.0
9865,9
8356,9.0
7551,9.0
9983,11
9484,9.0
8084,9.0
9849,8
9967,9
9968,25
9572,9.0
9966,7
9200,8.0
8867,9
8833,9
9969,22
9972,8.0
9960,17
8493,8
9971,4
7986,6
7970,9
9788,9.0
9872,9.0
9523,9.0
9924,19.0
5121,9.0
9962,9
9914,9.0
9925,9.0
9958,7
9947,8
9946,6.0
9940,9.0
9957,20
7190,4
5260,8.0
9950,16.0
9951,11
9944,13.0
9706,7.0
9782,2
9931,16.0
9932,9
9929,19.0
9701,6
9839,9.0
9048,7
9934,3
9898,9.0
7684,8
9923,16.0
9234,9
9889,8.0
9890,4.0
9913,6
9916,9
5579,9.0
9533,9.0
9920,7.0
8930,9.0
7026,3.0
9909,4.0
9905,7
9897,8
7982,7.0
9908,8
9904,6.0
8510,19.0
9379,9
7615,9.0
9901,7.0
6418,9.0
6420,9.0
6419,9.0
7157,9.0
9855,7.0
8565,8
9752,7
9823,9.0
9871,7
5138,8.0
5144,9.0
9698,8.0
9833,19
9821,8
9894,5
9892,5.0
9567,9
9842,8.0
9893,7.0
9886,6.0
9882,3
9891,8
4914,9.0
9451,8.0
9885,9
9481,9.0
9883,7.0
9838,8
9148,7
6417,9.0
7670,8.0
9848,19.0
9817,3.0
9873,6.0
9074,9.0
9878,6
9843,9.0
9858,5
9800,8.0
9876,8.0
9874,16.0
8719,5.0
6651,9.0
6353,9.0
9507,9.0
9545,8.0
9852,5.0
9866,16
9864,5
9214,8.0
7613,9.0
9853,5.0
6343,9.0
6134,9.0
9851,6.0
9020,22
9807,7.0
7517,9.0
5273,9.0
9781,9
9835,4.0
9847,16.0
9846,5
9840,8
8560,8.0
9844,18
9473,4.0
9744,7.0
9804,5
9686,9.0
9458,8.0
8460,9.0
5012,9.0
9120,9.0
9454,7.0
9832,5
8070,9.0
9820,6.0
9830,3.0
5699,9
9810,5
9808,9
9738,8.0
9809,5
9825,9
6078,9.0
9801,16
9819,9.0
5158,9.0
6503,9.0
8852,9.0
9814,16.0
9813,16.0
9816,4.0
9815,5
9370,9
9793,6
9151,7
9796,17.0
9427,9.0
4639,8.0
9736,5
8925,7.0
9798,9
7540,5
4978,9.0
9790,22.0
8692,6.0
8695,9
9553,9.0
7538,9.0
9791,16
9792,5.0
7535,8.0
7244,7.0
7660,9.0
9756,9.0
8861,4
9697,9
7265,5
9161,9
9783,7.0
6433,8.0
9757,9.0
9769,8.0
9773,7
9778,5
9765,9
9483,6.0
9774,5
9308,7.0
9779,5.0
9776,9.0
9770,7.0
9772,11
9777,5.0
9780,4.0
9771,8
9775,9
5445,9.0
7820,9.0
9749,9
8041,4.0
9518,9.0
8283,8.0
9197,9.0
9762,14
9759,8
9760,6
9584,16
9612,8
9758,9
9753,6
9729,8
6780,9.0
9730,7.0
9400,9
6855,9.0
7577,8.0
9488,7.0
9365,8.0
9751,9.0
9732,6
9734,8.0
9740,6
9741,8
9745,12.0
9286,6
9009,7.0
9515,8.0
9733,7.0
8450,7.0
8818,2.0
9718,9.0
8127,9
9485,9.0
6366,9.0
9016,9
9691,8.0
4456,9.0
9150,9.0
9725,5.0
8897,8.0
9721,5
9514,6
9692,7.0
8706,8.0
9719,18
8212,8
9720,8.0
7651,8
8055,8.0
6468,9.0
9592,9.0
9450,8
7882,9.0
9715,16.0
9614,6
9493,6.0
8309,5.0
9662,5.0
9154,8
6495,9.0
5298,8
8895,9.0
9712,16
9603,21
9700,5
9711,7.0
8542,8
9702,9
9703,3.0
9699,8
8942,9.0
9704,16
8253,8.0
9675,4.0
5141,9.0
8705,5
8826,9.0
9688,8
9479,7.0
9645,5.0
6272,6.0
6209,9
4689,9.0
9685,5
9682,7
9681,16.0
9683,7.0
9680,8
9155,9.0
8792,8.0
9643,9.0
9376,9.0
6183,7
6313,7
9678,3
7739,7.0
8906,8
9653,4
6774,9.0
8827,9
9076,9.0
9652,8.0
9452,9.0
9672,17.0
9671,7.0
7096,6.0
9669,5
9668,16
9630,6
7105,9.0
9227,9
9664,16
9665,4
9647,14
8860,5
8263,9.0
9655,3.0
9654,7
9419,6.0
9211,9.0
8601,9
6422,9.0
6668,9.0
7231,9.0
9125,9
9625,4.0
9658,6
9394,8.0
9621,6
9405,6.0
7962,9.0
9623,2.0
9626,2
5639,9.0
9649,16.0
9651,9
7727,7.0
9650,16
9306,8.0
9357,9.0
9601,9
9642,8
9641,8
9637,5
9640,9
9638,3
9639,16.0
9635,10
9361,9.0
8366,8.0
9597,6.0
5058,8
9610,5.0
6263,9.0
9629,9
9627,9.0
9090,9.0
9619,4.0
9036,9
9617,4
8435,9.0
9611,9.0
7701,9.0
9272,9
9499,9
7263,17
6118,9.0
9609,9
9608,1.0
8825,9.0
9519,8
9429,9.0
9606,8
9605,4
9604,19.0
9583,8
9236,9.0
8445,7.0
9492,9
7516,8.0
9554,16
9504,4.0
9602,16
8880,9.0
9596,4
9599,5.0
9600,12.0
9594,12
9386,9.0
9579,9
6896,9.0
9590,9.0
9573,7
9574,16.0
5195,9.0
9525,4.0
9580,2.0
9575,7
9577,8.0
9530,8.0
9588,4.0
5032,9.0
9513,9.0
7699,7.0
9414,4.0
9167,9.0
9164,9
8596,6
9413,8.0
8815,9.0
9563,8
8971,9
9569,8
9476,9.0
8511,9.0
9377,7.0
9247,8.0
6352,9.0
9570,16.0
9395,9
8718,9.0
9541,16.0
9559,6.0
9521,9
9560,4.0
9558,0.0
5929,9.0
9551,4.0
7668,9.0
9555,16
6576,9
9500,8.0
8545,9.0
9298,6
6724,9.0
9537,9
9547,8.0
9546,16.0
7721,9
7169,9.0
9548,4
8118,9.0
9543,16
4480,4
9527,9.0
9532,5.0
9055,9.0
9531,5
9526,3.0
8010,9.0
8843,9.0
9524,8.0
9501,7
8051,9
9482,9
9522,17
9494,6.0
7367,9.0
5946,9.0
9512,6
9517,15
9180,8
4865,9.0
9470,8
9510,4.0
9366,8.0
9508,8.0
9509,9
8363,9.0
7917,9.0
8700,9
8707,9.0
9505,7
7873,7.0
9359,9.0
9502,7.0
9503,9
9495,9
9480,9
9487,9.0
9235,9
9486,8
9432,6
8444,9.0
9273,8.0
8887,9.0
4981,9.0
9471,5.0
9472,8
9461,6.0
9246,8.0
9469,16.0
8427,9.0
6068,9
9459,4.0
9460,8
8929,8.0
9463,2
4698,8
9464,3
8974,4
9462,5
9456,7
9467,10.0
9265,9.0
9131,6.0
9337,6.0
9416,5
8882,5.0
8255,9.0
9415,19
9226,9.0
9356,8
9448,8
9475,8
9403,14
8879,8.0
9474,16.0
9446,4
8729,9.0
6109,9
9443,9
9444,8.0
9447,9.0
6811,8
9347,8
9442,15
9438,7
9428,9
9159,7.0
9426,7.0
4778,8
9434,8
7749,6
9433,25.0
9440,9.0
6445,8.0
9411,9
9423,7.0
8652,16.0
9425,5
7274,9.0
9424,6.0
9087,8
9389,9
9038,9.0
7217,9.0
8999,9
9163,9
9410,10
9193,9.0
9373,9
9360,19.0
8871,9.0
9408,4.0
8540,14
9239,5.0
7148,9
9406,14
9396,4.0
9404,9
9401,5.0
9402,16.0
8527,7.0
9355,8
9382,16.0
9280,8
9279,6.0
7621,7
9062,9.0
6407,9.0
9228,9
9390,6.0
9388,16
9384,8
9380,2
9381,6
9367,7
8751,9.0
9372,9
9371,6
9338,8.0
7720,8.0
9297,9
8587,9.0
9225,9
9059,9.0
7830,9
9354,7.0
9353,9.0
9350,4
9344,8
9302,7.0
9316,9.0
7912,8.0
9348,4
9299,16.0
9352,3
7654,8.0
9349,8
9339,6.0
9173,7.0
6569,9.0
9094,6
6379,8.0
9294,6.0
9307,4
5670,9
9223,22
9130,8
7124,9.0
9222,5
9315,9
7604,7
6019,5.0
9187,8
9324,9.0
8462,8.0
9327,3.0
9332,9
9319,9.0
9311,4
9073,9.0
9037,9.0
9335,9
9334,8.0
9330,4.0
9329,8
9325,9
9323,3
9326,6.0
9259,6
9317,3.0
9321,5.0
9309,6.0
9312,2.0
8155,9
9314,9.0
9313,9
8485,8.0
9283,5.0
7489,9.0
9295,4
8732,9.0
9281,2
9278,8
9305,5.0
9126,5
7936,8
9221,6
9220,7
9290,8.0
9296,6
9303,3.0
9293,7
9289,7.0
9301,13
9300,11
9291,7
9113,7
9276,1
9266,3.0
9285,6.0
9260,2
8904,9.0
9194,14.0
8568,8.0
9284,4
9282,9.0
9128,9.0
9160,7
9264,7
9267,6.0
9262,16
9133,5.0
8579,3.0
9271,16
9102,9
9268,7
7331,9.0
9242,5.0
8583,9.0
9256,4
9257,7.0
9255,13
6810,9
6193,9.0
9185,9.0
8702,4.0
9238,9.0
8436,9.0
9091,8.0
8060,9.0
8997,9.0
9031,9.0
9219,8.0
9249,19
6267,9.0
9252,5
9244,8.0
8517,9.0
9250,7.0
7463,9.0
6908,9.0
9251,5.0
9248,6
9210,9.0
9124,8.0
9111,9.0
9241,9.0
8447,8.0
7981,6.0
9237,9.0
9014,8.0
6959,9.0
9099,9.0
9233,16.0
8623,9
9230,8.0
8250,9
7212,9.0
9212,9.0
8744,9.0
6050,9
9153,7.0
9218,6
9202,17
8891,19.0
8877,9.0
9216,4
9217,16.0
7000,9
9209,16
6335,7.0
8992,9.0
9053,9
8602,8
9206,14
8850,7.0
9198,7
5319,9.0
9196,12
9189,9
6137,9.0
9186,8
8431,9
9116,7.0
9103,9.0
6869,8.0
8033,8.0
9089,9.0
8797,9
9061,8
7856,9.0
9172,19.0
9169,16.0
7843,3.0
9181,2
4763,8.0
9179,8
9104,8.0
8442,9
9171,4.0
9170,8
9175,7.0
9118,9
5988,9.0
8710,1
8723,9
8582,8
8874,9.0
9149,16.0
9156,16.0
9158,8.0
9157,6
9140,16.0
8934,8.0
8166,9.0
9147,13.0
8627,8
9145,5
6715,9.0
9144,4.0
5869,9.0
9137,8
9141,8.0
9143,6
8894,7.0
8537,9.0
9123,8.0
9127,9
9135,4.0
9122,8
9045,6
5337,9.0
9119,6.0
9121,5.0
7009,7.0
9117,9
5906,9.0
9040,9.0
9109,7.0
8323,9
7870,9.0
8588,9
9030,9
8773,8.0
9092,3.0
4894,9.0
6497,9.0
8711,19.0
9097,6.0
7839,9.0
8900,9.0
9060,7
8721,9.0
9082,16.0
9081,16.0
9083,7
9084,9.0
9077,2
9067,16.0
8554,9
9066,5
9000,8
9041,2.0
9075,14
7892,9.0
9039,7
8473,9.0
6590,7
8282,9.0
9056,8.0
9044,7.0
4742,9.0
9054,9.0
9050,7.0
8628,7
9029,8
9047,8.0
6220,9.0
4982,9.0
6375,9.0
6301,9.0
8881,8
9035,2.0
7946,9
8896,7
8741,16.0
8677,9.0
9027,9
9028,6.0
8782,8.0
8663,5
9026,9
9021,7
7748,9.0
6091,6
9001,19
7491,9.0
6057,9.0
8316,8.0
8998,7
9002,8
7425,9.0
6626,5
9012,5
4592,9
9008,17
9010,9
8994,16.0
8859,7.0
7421,9.0
8499,9.0
8876,8
8996,8
4929,9.0
7365,9
8845,9.0
8901,6
7977,8.0
7655,9.0
8498,8.0
8990,7
8995,14.0
8175,9
8993,19
6128,9.0
8727,6.0
8625,8
8978,6.0
8976,8.0
8770,7
7678,2.0
8975,14
8984,7
7939,9.0
8983,8
6241,9.0
7289,9
8936,16.0
8944,2.0
6369,9.0
6758,9.0
8761,9.0
8968,7.0
8965,8.0
8285,9
8914,4
8919,9.0
8922,7
8916,4
8411,9.0
8907,19.0
8908,7
8913,3
8912,3
8743,7.0
8899,9.0
6707,9.0
8849,8.0
8844,7
8892,20
8884,20.0
7931,7
7930,7
6000,8
7550,22.0
8890,16
8886,7
8351,9.0
7879,9
7058,9
8869,5
8841,9.0
7202,4.0
8873,7.0
8375,9.0
8483,22.0
8870,4.0
8822,8
5140,9.0
8412,8.0
8374,9
7080,9.0
8686,8
8851,7.0
8819,6
8441,9.0
7077,9.0
6783,8.0
5338,9
8866,7.0
8361,9.0
8868,16.0
8863,13
8796,9
8853,8.0
6868,7
8608,9
8856,9
8392,9.0
5792,5
8838,8
8812,8.0
6356,9.0
8839,7
7713,9.0
8736,9.0
7924,9.0
8446,8.0
7018,9.0
8842,5
7716,9
8543,9.0
8811,7
7253,9.0
8584,5
7129,9
7109,9.0
8835,9
8837,3
8834,2.0
8284,8.0
8828,7
8801,6
8160,8.0
8154,7
8831,1
8824,5.0
8378,9
8790,5
8298,5
6737,9.0
8816,3
8798,9
6557,9.0
8703,7.0
8725,6
8820,6.0
8821,9.0
8817,5
8081,9.0
8814,4
8398,9
8779,6
8645,9.0
8810,8.0
8488,8.0
8802,16.0
8737,4.0
8808,9
7783,8
8806,19
5572,9.0
8804,14
8701,9.0
7787,9.0
8794,9.0
8639,8.0
8795,6
8793,9.0
8654,9.0
8788,6
8758,13
8789,7
8556,13
8210,8
8791,8
8764,5
8786,9
6639,9
8762,8
7314,9
8563,9.0
8784,12
7927,7.0
8518,8.0
8759,5.0
8780,8
8781,8.0
8564,8.0
8778,16.0
8757,5
8777,6.0
8774,3.0
8775,4
8756,8
8670,9
8624,9
6631,9.0
8566,8
7918,9.0
8755,5
7794,6.0
8752,7.0
8372,9
8503,9.0
8746,7
8749,16
8497,8.0
8745,0
8502,8.0
8025,8
7378,8.0
8739,7
6950,9.0
6579,6.0
5154,9.0
8731,6
8733,1
8726,17
7714,8.0
7557,9.0
8714,16.0
8713,8
8715,9
8676,8.0
8688,17.0
8691,8.0
5208,9.0
8553,8
8690,8
8636,7.0
8687,9
8683,5
8592,9
8697,20.0
8699,11
8384,9.0
8696,5.0
8693,8.0
8125,9.0
8681,9.0
8443,9
8576,9.0
8684,4
8094,8.0
6970,9
8657,20
8671,9
8290,9.0
7073,9
7248,9
8656,7.0
8674,7
7852,9
8672,9.0
8004,9
6899,9.0
8667,16.0
8665,16.0
8664,7
7251,9.0
8662,16.0
8655,9
8661,10
8225,9
8646,16.0
8647,8.0
8660,4
8659,6
7908,9
8658,2.0
8643,6.0
7967,9.0
8648,5.0
8649,9.0
8562,9
8221,7
5524,9.0
8046,9
8061,9.0
8112,9.0
8047,9
8617,8
8641,8
8591,9
8653,9.0
8642,16
8640,14.0
7523,9
8342,9
8634,7
7864,9.0
7980,9.0
8452,9.0
8629,8
7837,6.0
8631,6
8630,9
8609,5.0
8611,8.0
7197,9.0
8577,6
7596,7.0
8612,9
8619,4
8021,9.0
8622,7
8615,7
8614,6
8181,9.0
8604,14
8605,9.0
8308,9.0
8581,8
4606,9.0
8490,8.0
8551,5
8594,9
7062,8.0
8603,5
8598,5
7683,9
7046,8.0
5435,8.0
8205,9
8320,9.0
7486,6.0
8417,8.0
8349,8
8580,2.0
8354,5.0
8597,9
7900,9.0
8043,9.0
7616,9.0
8001,9.0
8573,9.0
8401,7.0
8117,7.0
8304,8
7497,9.0
7777,5.0
8578,2.0
8472,16
8050,8.0
8575,9.0
7012,8.0
8522,9.0
7454,9.0
8286,6
8402,8.0
7751,8
7687,8
8557,9.0
8570,7.0
6132,9.0
8032,9
7316,8.0
8569,7.0
7880,9
8500,6
8491,7.0
8011,8.0
7776,9.0
7961,9.0
8559,16
8339,9.0
8321,9.0
6171,9
8328,8.0
8520,8.0
8476,6.0
8519,6.0
8547,9.0
8546,4.0
8533,9
8458,6.0
8408,8.0
8256,8.0
8242,9
8552,16
8550,6.0
8115,2.0
5974,9.0
8549,9
8548,4
7010,9.0
4666,9
6113,8.0
4554,9.0
8531,6
8494,7
7695,6
8530,9.0
8078,7.0
8523,5
8123,9.0
8425,6.0
8508,8
8524,2.0
7878,9.0
8130,7.0
7334,8
8279,7.0
7168,9.0
7220,9.0
5873,9.0
8459,8.0
7594,9.0
5810,6.0
8382,9.0
8145,8.0
8048,9
8521,8.0
8228,8.0
8512,3.0
7723,9
8030,8
8509,5.0
8505,9
8347,9.0
8507,7
8506,7
8208,7
8330,9.0
7145,9.0
7591,9.0
8333,16.0
8105,9.0
8478,9
8496,7
8495,16.0
8470,7
8486,7
8487,7
8484,3.0
8480,5
8479,6
7806,9.0
8122,7.0
7851,8
7732,9.0
6669,9.0
8471,7
6633,15
7807,16.0
8469,16
8241,9
8468,9.0
8467,13.0
7174,2.0
8207,8
7968,8
8461,8
8000,6
7844,3
8009,9
8420,5
8184,9.0
7974,9
8453,5.0
8455,8
6771,9.0
7614,9.0
8272,9
5113,8
8167,6
8454,5
8456,6
8103,8
8066,6.0
8027,8
8409,6
8449,16.0
7816,7
7818,4
8451,8
7183,7.0
7738,9
4804,9.0
8439,6
8440,4.0
5760,5.0
7101,9.0
7151,9
7368,8
8190,7
8426,8.0
8438,8
8437,12.0
5395,9.0
7479,9.0
8287,9
8186,7
8414,6
5454,9.0
8357,6.0
8310,8
8422,16.0
8433,6
8423,3.0
8429,9
8352,7.0
8350,4
6798,9.0
8403,6
4822,9.0
8327,3.0
8064,9.0
8405,5
8407,6
8390,6.0
8418,5
8415,5
7586,8.0
8410,16
8359,8
8380,7
8396,16
8391,6.0
8399,6
8395,13
7371,9
6396,9.0
8387,5
8278,8
8324,9.0
8204,9.0
6192,9.0
8143,9.0
8386,8
8383,6
8348,9.0
8238,9.0
7956,7
8377,13.0
8367,19.0
8370,16.0
7229,8.0
8334,9
7800,16
8373,6.0
8376,10
8335,7.0
7320,7
8371,12
8173,6
6946,9.0
8219,8.0
7893,9.0
8365,5
8360,7.0
8332,4.0
8299,4
8358,5.0
7415,9.0
8355,5
8254,5.0
8044,9.0
7418,7
8345,2.0
8344,5.0
8343,10
7632,8.0
8218,7.0
8336,7.0
8337,11
8202,2
8331,9
8177,5.0
7853,17
8317,16.0
8300,16.0
8306,16.0
8325,2
8206,9.0
5181,6
8311,2
8315,2
8289,6
8302,8
7797,9.0
8292,6
8291,16
7803,3.0
8100,7
5176,9.0
8296,9
8270,6
8277,8.0
8281,15
8224,7
6431,9.0
7278,9
8195,19
8246,7.0
8275,4.0
8274,6.0
8273,5
6782,9.0
7996,9
8258,6
7805,9.0
8269,9
7641,9.0
8264,7
7566,9.0
8187,9.0
8215,8.0
8257,9
8240,6.0
8247,14.0
8156,9
8243,9.0
8183,7
6448,8.0
8244,3
8239,9.0
8229,16.0
8251,8
8249,13
6322,9
8245,6
8234,8
8233,13.0
8235,4.0
8232,6.0
7397,9.0
8231,8
8236,7
8237,5
6628,9.0
8230,8
8180,9
8227,8
8226,8.0
8178,4
8223,8.0
8222,2.0
6987,8.0
8217,3
8176,7
8097,6
8216,9
7546,8.0
6108,9.0
6293,6.0
8192,9
8199,13
7399,7.0
5956,9.0
6787,16.0
8198,3
8109,19.0
6807,9.0
8139,5
8140,9
4573,9.0
4611,9
7831,9.0
8189,19.0
7998,9.0
7649,8.0
6411,9
8185,9
8174,16
6710,9
6964,8
8045,4.0
6640,9.0
8158,9
8147,9.0
8148,9
8146,9
8170,7.0
8172,2.0
8163,7
8171,5
8169,9.0
6474,9.0
8164,6
8168,4.0
8165,5.0
8157,3
8152,8.0
8149,3.0
8151,4.0
8150,6
4992,9.0
8076,5
7155,9.0
7958,8.0
6985,9
7558,9.0
8108,16
8119,4.0
7576,9
8104,9
7218,9.0
7531,9.0
8141,16
7848,9.0
8054,7.0
8133,4
7886,8
8132,3.0
7965,9.0
8124,8.0
8131,6.0
7691,9.0
6131,9.0
8114,3.0
8116,4
7975,8.0
7973,8
8053,9
6500,9.0
7978,7.0
8079,7
8092,4
4645,9
8102,7.0
8101,7
7834,9.0
8099,0.0
7315,6
8096,8.0
8095,22.0
7416,5
8091,1
8088,10
8086,17.0
8082,4.0
4682,9.0
8013,2.0
8069,8
8074,8
7440,9
8077,7
6598,9.0
8073,7.0
8075,16
7528,9.0
8067,6
7932,9.0
8063,8.0
8062,5.0
7682,9
7350,7
8034,22
8052,4.0
7997,9.0
5741,7
6681,9.0
6767,9.0
7905,8
6676,8
8042,8.0
7791,4.0
7677,7.0
8014,6
8017,6
8031,6.0
8040,4
8028,8
8016,16.0
8036,16
8015,5
8018,9
8029,16.0
8023,4.0
8024,6
6058,9.0
7971,5.0
7955,9
4858,7
6636,7
7672,5
6842,9.0
8007,7
8006,8.0
7950,8
7835,8.0
7671,6.0
7829,8.0
4791,9.0
8005,4
7102,9.0
8003,2
8002,5.0
7990,16
7993,6
7995,8.0
7994,14
7812,9
7984,9
6342,9.0
7979,16.0
7933,9
7989,8.0
7988,13
7987,6
7952,22
7906,9
7790,8
7940,7
7976,6
7894,16
7526,5.0
7661,4.0
7897,6
7556,9.0
6099,9.0
7963,5
6355,9.0
7178,9.0
7960,8
6154,9.0
7954,16
7471,4.0
7947,8
7949,9
7951,4.0
7919,8.0
7862,7
7937,16.0
7945,7
7941,1
7527,7.0
5061,8
7859,2
7673,9.0
7938,7.0
7935,8
7437,9
4806,8.0
7934,16
7638,8.0
7926,16.0
7929,7.0
5399,8.0
7925,9
7928,8
7922,4.0
4445,9.0
7920,8.0
7847,16.0
4908,9
7916,4.0
7869,9.0
7104,9.0
7904,9.0
7182,9.0
7611,7.0
7592,9
6998,9
7914,8.0
7836,6.0
6504,9.0
6759,9.0
5087,9.0
7915,12
7266,7
7910,3
7909,7.0
7907,8
7363,8
7896,16.0
6790,9.0
5700,9.0
7861,19
7099,9.0
7785,9.0
6995,8.0
5679,9.0
7584,4.0
7903,2
7901,10
7860,6.0
7607,9.0
7372,9.0
7658,8
6573,9.0
7599,5.0
7888,12
7887,12
7883,6
7884,9.0
7598,7.0
6764,9.0
5944,7.0
7868,6.0
7876,19.0
7459,7
6561,6
6502,9.0
7877,9
7874,11
6662,8
7817,8.0
5847,9.0
7863,8.0
7857,7.0
7855,4
5727,9.0
7845,7
6675,8
7188,9.0
6386,9.0
7821,11.0
7832,9
7663,9.0
7822,8
7377,9.0
7476,8.0
7571,8
7692,7
6491,9.0
5677,9
6965,16.0
7167,7.0
7811,7
7809,3
7793,5
7804,9
7493,6.0
7639,9.0
7796,5.0
6294,9.0
6635,9.0
7553,8.0
7792,8.0
7788,9
6861,9.0
7795,7
4610,9.0
6779,7.0
7781,6.0
7696,7
7780,8
7366,3.0
7633,5.0
6871,8.0
5122,9.0
6087,9
7608,7
7369,5.0
6879,8
7717,5.0
7706,9
6749,8
7601,7
7707,5.0
7709,8.0
7703,9
7704,8.0
7705,10.0
7318,9.0
7775,9.0
7758,4.0
7686,8.0
6040,6.0
7754,8
7715,2
7756,3.0
7764,9
4814,2.0
7763,9.0
7768,9
7762,9
7778,1.0
7753,9.0
7752,2.0
7773,10
4626,7
7675,7.0
7767,9.0
7626,9.0
7786,7.0
4810,9.0
5519,8.0
7761,3
7774,4
7580,8.0
7759,4.0
7769,6.0
6858,6.0
7765,9.0
7180,9
7676,5.0
7128,9
6642,9
7381,9.0
7784,8
7782,8.0
7568,9
7488,9
7544,9
7744,6.0
6885,5
7746,5.0
6874,8.0
4493,8.0
7742,9
7736,6
7737,17.0
6785,9.0
7698,9
7729,14.0
7735,19.0
7731,6.0
7667,7
7712,5.0
7724,3
6736,9.0
7711,9
7693,9
5695,9.0
7710,9.0
7595,9.0
7555,9
7589,9
7697,7
7384,9
7679,8
7690,9
7688,4
7027,8.0
7680,7.0
7624,9
7590,7
7587,9
4803,9.0
7662,7.0
6462,5
5958,5
7583,9
7588,7.0
7664,8
7665,6.0
7657,5
7125,6
7625,9.0
7650,2
4596,17.0
4695,8
4484,8
7645,2
7585,8.0
7084,9.0
7562,7
7634,3.0
7631,12
7499,8
7637,9
7636,3.0
4802,9
6747,9.0
6174,8.0
7501,9.0
7628,12.0
7578,9
6817,9.0
7619,3
7617,3
7623,16
4591,9.0
6889,9.0
6133,9.0
7575,7
7603,18
7605,6
7602,3
7600,7.0
5824,16.0
6042,7.0
6047,9
7593,4
6570,8.0
7574,8.0
7554,7
7582,7
6854,9
7561,7.0
7091,9
7563,9.0
7559,2
6773,9.0
7268,9.0
6206,9
6788,9
7302,8.0
7545,3.0
7537,8
6597,9.0
7539,3
5996,9.0
7541,9.0
7536,25.0
7542,9
7094,9.0
7524,6.0
7522,2
7525,4
6222,9.0
6461,8.0
7520,4
7519,4
7518,16.0
7139,8
6769,9
7515,4.0
5941,9.0
7204,7.0
7514,11
7512,9
7510,9
7449,8.0
7502,8.0
7507,16
7508,3
7326,8.0
7095,9.0
6793,8.0
7170,9
7503,7
6176,9
7209,8.0
7506,9
7505,7.0
7308,9.0
7500,17.0
6618,9.0
7495,16
6621,9.0
6789,9.0
7492,7
7433,9
7405,5
7165,8.0
7343,7.0
7051,9
6221,8
6756,9.0
5682,9.0
7487,8
4579,9
6555,9.0
7477,5
7482,13
7072,9.0
6894,9
6083,8.0
6403,9.0
5949,9.0
7361,9.0
7474,8.0
7455,5.0
7458,16
7473,22.0
7391,6
5272,8.0
7465,6.0
7258,9.0
7470,6
7468,3
7467,16.0
7464,10
7346,9
7456,17
7069,8.0
6680,9.0
5489,9.0
7452,9.0
6208,9
6558,8.0
7450,7.0
7270,16.0
4876,9.0
7373,8
7273,17.0
7347,9.0
7301,7.0
7300,8
7446,4
7448,5.0
7447,7.0
6072,9.0
7443,6
7436,8
4559,9.0
7179,9
7298,16.0
4907,7.0
5867,9
7417,9.0
6213,9.0
4811,8.0
7419,9
6923,9.0
7424,16.0
7430,8.0
6473,9
6395,5.0
7431,8
7429,10
7422,16
6199,4.0
7208,8
7086,9
7280,6.0
5582,9
7108,9.0
7413,6
7408,8.0
7200,9
7414,3.0
6170,7.0
7410,9
7409,9
7411,5
6849,9.0
7255,8
6400,9
7404,7.0
7252,7.0
6487,9.0
7402,10
7401,3.0
7386,9
7039,8.0
7398,6
7394,17
7387,14
7392,7
7393,9
7395,9
7390,6
7380,4
7385,3
7382,9
7284,9.0
7374,7
4864,9.0
7370,5.0
5749,9.0
7232,5
6112,16.0
7114,17
7279,8
7240,17.0
7359,7
6888,8
7362,4
7352,9.0
7351,16
5106,8
5139,8.0
7341,4
7277,8.0
5142,9.0
5133,7
6523,6
6308,8
7349,9.0
7345,7.0
7243,9
7336,7
7310,7.0
7338,6
6273,9
6282,8
7262,9.0
7153,8.0
7328,7.0
7329,8
7342,5.0
6832,7.0
7332,6.0
7327,16.0
6587,8
7313,8.0
7323,8
7325,8
7321,4
7319,7.0
7312,9.0
7311,9
7317,8.0
7296,6.0
7291,14
7293,3
7309,9
7303,7
7304,3.0
7028,9
7306,7.0
7305,9
7307,4.0
7283,19
4781,9.0
7250,5
7060,9
7287,6.0
7290,2.0
7193,8
7206,9
7275,6.0
5004,9.0
6551,9
7267,8
7276,7
7271,6
5413,5.0
5455,7.0
5115,9
7257,9.0
7256,5
7205,9.0
7014,7.0
7249,4.0
7245,12.0
7247,9
6944,8
7239,8
5125,8.0
6851,8.0
4502,8.0
7237,8
6801,5
7233,6
6672,9
5801,9
5137,9.0
5136,9.0
5616,6.0
5143,9.0
5108,8.0
7225,7
7223,9
7222,14
7219,9
7213,16.0
7214,16
7210,11
7211,14
7203,19.0
7207,8.0
7201,11
4686,9.0
7199,6
7198,16.0
7196,9
7140,6
7172,2
7184,7
7195,4
5103,9
6117,9.0
7186,7
7185,9.0
6686,9.0
6865,9.0
5101,8.0
5135,5.0
5078,9
5112,8.0
7120,16.0
5831,8
5075,9.0
7149,6
5117,9.0
6485,9.0
5073,8.0
5068,4.0
7059,8.0
5076,9.0
7166,9.0
7119,9.0
7164,21.0
7146,4
7158,16.0
7159,9
7111,8
5105,9.0
4576,9.0
6251,13
5109,8.0
5134,9.0
5102,8
6921,9.0
5111,9
5116,8
6490,9.0
7066,22
5107,7.0
5114,9
5080,7
5079,8
7147,6.0
7150,14.0
7154,7.0
6277,7
5104,7.0
7134,5
7123,9.0
7130,5
5074,6
5077,9
5067,6.0
5110,9
6284,7.0
7136,7
7133,14
7127,19.0
6981,9.0
6425,8.0
5754,9.0
7126,6
6556,9
6283,7
6968,9.0
7122,7
7118,12
7116,9
7113,6
7112,3.0
6281,7.0
6285,9.0
6278,16.0
7070,9.0
6280,9.0
7074,8
6982,9
7100,6
7093,9.0
6477,6
6271,8
6864,8.0
5415,6
7098,10
7097,4.0
7067,8.0
7029,9.0
6205,8
5740,9.0
5798,9
6210,8
6973,9.0
6303,2
7088,3.0
7087,9
7065,9
7082,16.0
5428,6.0
7083,8.0
7022,9.0
5819,9.0
7076,9.0
5407,8.0
6304,9.0
7050,9.0
6311,8.0
7042,7.0
6307,16.0
7071,7.0
6202,9.0
6204,8.0
6203,7.0
7068,16
7007,6
7064,2.0
6305,4
7061,9
5034,9.0
7063,9.0
6314,7.0
7054,7.0
6312,8.0
6178,16.0
6179,7.0
6302,9.0
7043,6.0
6310,6.0
7041,8.0
5919,6
7052,5.0
7040,2.0
7056,8.0
6309,7
7047,6.0
6315,9.0
7044,22
7023,7
7049,7.0
6306,7
7019,9.0
6835,7.0
6620,8.0
6740,8
7021,8
6684,9
6994,5.0
6670,4.0
6167,9.0
5599,9.0
6977,8
5093,9.0
4548,9.0
6969,8
7013,19.0
6960,9
7011,6
6408,9
7005,6.0
5598,8
4736,9.0
6999,7
6629,8.0
4675,7.0
6996,3
6997,16.0
6718,8
6859,9.0
6991,16
6976,6
6966,3.0
6796,3
6399,9
6372,9.0
4922,9.0
5082,9.0
6914,8.0
6972,5
6975,8
6135,9.0
5922,8.0
6974,4
5214,9.0
6971,6
6967,9.0
6961,4
6956,22
5829,19.0
6954,4
6952,15
6920,8.0
6919,9.0
6955,9
6953,9
6100,9.0
6951,6.0
6226,9.0
6949,16
6943,8
6432,9.0
6925,3
6808,7.0
6287,9.0
6752,6.0
6469,9.0
6706,9.0
6917,6
6909,9.0
6641,9.0
6617,8
6761,5
6905,8.0
6722,9.0
6900,22
6806,9
6809,9
6051,9.0
6791,7
6892,16
5550,7
6289,8.0
6870,4.0
6748,9.0
6533,9.0
5866,8.0
4477,9.0
6876,4.0
6872,7
6875,9.0
6873,9.0
6880,6.0
6878,9.0
6866,7
6867,11
6471,9.0
6827,7
6862,19
6856,5.0
6840,6.0
6853,8
6829,8
4861,3.0
6839,7.0
6837,5
4829,9
6845,14
6833,6.0
6838,4.0
4846,8.0
6860,5
6848,8.0
6852,6.0
6828,14.0
6830,2
6844,2
6416,9
6841,16.0
6825,4.0
6843,5
6822,16
6823,16
6824,7
6405,9.0
6816,5.0
5904,21
5596,9.0
6560,7
6803,7
6795,3.0
6797,8
6784,3
6763,9
6776,5
6768,16
6772,12
6766,16
6339,6.0
6778,8
6775,14
6746,7
6760,9
6754,16
6755,12
6719,16.0
6499,5.0
6750,8.0
6751,12
6638,7.0
5192,7.0
6743,6
5730,7.0
6045,9.0
6742,9
6741,13
6738,2
6410,9.0
4691,7
6501,7.0
6733,12
6734,9
6728,5
6732,16.0
5745,8.0
6726,6
6671,9
5185,8.0
6729,5
6191,9
6600,6.0
6723,19
6648,16
6720,22
6716,7
6666,9.0
6713,6
6622,8.0
6705,6.0
5907,7
6701,6.0
6704,5.0
6700,13.0
6703,16
6702,9.0
4745,9
6683,9.0
6695,9.0
6334,8
6470,9.0
6694,14
6498,9.0
6687,9
6637,7.0
4413,9.0
6682,7.0
6472,9.0
4800,9.0
6101,9
6585,9.0
6437,9
6460,9.0
6645,9
6647,2.0
6165,8.0
6646,9
6644,16
6548,7.0
5418,9.0
5284,9.0
5737,9.0
6627,9.0
6625,6.0
6616,6
6624,16.0
5330,5.0
6614,7
6574,5.0
6592,7.0
4475,9
6467,7
6583,13
6582,19
6578,22
6588,4
6580,16.0
6512,6
6527,7.0
6292,9.0
6575,19.0
6577,5.0
6505,8
6530,9.0
6572,7
6528,9.0
5978,8.0
6571,16.0
6344,9.0
5451,9.0
6457,9
6166,9
6073,9
6519,9
6559,9
6563,5
6562,4
6444,8.0
6566,6
6568,5
6564,8
6567,16.0
6565,7
5569,9.0
6550,7
6518,9
4784,9.0
6529,7
6553,5.0
6536,9
6155,7.0
6037,8
5806,9
6511,8.0
6035,8.0
6538,16.0
6542,8.0
6543,8
6239,8.0
6261,8.0
6394,8
6510,6.0
6546,5.0
6544,9.0
6539,6.0
6541,7.0
6540,4.0
6549,5.0
6547,6
6475,6.0
6535,4.0
6537,4
6124,8.0
6524,8.0
6534,9.0
6532,16
6514,7.0
6520,9
6030,9.0
6513,9
6489,6
6516,6.0
4532,9.0
6317,9.0
6484,7
6481,5
6479,4.0
4534,9
6492,8.0
6412,9
6478,4
6494,9
6476,17
5758,9.0
6266,9.0
6451,7
6453,8
6295,6.0
5899,34.0
5890,7
6392,16.0
6393,5
5901,6.0
5892,2.0
5885,7.0
5742,6.0
6466,6
6464,6
5595,8.0
5884,4
5888,7.0
5903,8
5896,16
6110,9.0
6421,9
5902,8
6455,7.0
6454,8
6452,2.0
6139,4
5898,3.0
6450,16.0
6447,5.0
6378,4.0
6384,8.0
6446,5
6363,7.0
5716,9
6434,9
5477,8.0
6442,7
6409,7.0
6436,3
6439,7
6225,9.0
6254,8.0
6438,7
6364,9.0
6435,5.0
5953,7
6318,8.0
6237,9.0
6428,8
6331,9
6414,8.0
6429,9.0
6423,7
6424,6.0
6430,6
6427,6.0
5648,9.0
6325,5.0
6397,9.0
6401,7.0
6413,9
5658,3.0
6398,8.0
6321,8.0
6385,9
6406,8.0
6371,5
4759,9.0
6387,9.0
6362,8.0
6402,22
6291,9
6388,5
6391,8.0
6382,8.0
6114,9
6370,4
6326,9.0
6327,9
6383,16.0
5603,16.0
5617,9.0
5606,7
6214,9.0
6350,9
6014,9.0
6164,9.0
6138,9
6373,16.0
6374,3
6328,9.0
6245,9.0
6265,3
5952,4
6361,5
6360,3
6264,9.0
6324,9
6195,8.0
6349,7.0
6260,16.0
6348,2.0
6105,9.0
5984,9
6347,4.0
6341,5.0
6346,10
5531,16
6246,9
6337,2
6333,3.0
6332,7
6330,9.0
6329,16.0
5610,7
6201,7.0
6316,8.0
6323,16
5355,9
6320,8
6055,9.0
6300,7
6243,9
6262,3.0
6299,5
6240,7.0
6041,9
6249,9.0
5755,4.0
6288,6
5775,9.0
5069,7
6286,16
6253,6.0
6082,9.0
5849,8
6274,2
5828,9
5962,9.0
6021,9.0
6194,9.0
6085,7.0
6244,6
6168,9.0
5613,9.0
5817,9.0
6059,9
5998,9.0
6098,8.0
5053,9.0
6185,6.0
6031,9.0
6200,5
6198,5.0
6046,8
5218,9
6158,5.0
5999,7.0
6162,8
4971,9.0
6097,6.0
4586,2.0
5814,5
5611,6
4593,8
6106,6
6173,9
6172,8
6103,9
6129,9.0
5872,6
6127,9.0
5709,9
6121,7
6013,8
5728,5.0
6130,9.0
6034,9.0
5972,7.0
6125,3
6029,5
5018,9
5838,9
6107,7
6020,9
6092,8
6104,9.0
5970,9.0
4857,16.0
6102,5.0
5789,9.0
5865,9.0
5766,9
6084,6
4546,9
6086,2
5323,9.0
6063,8
6069,9.0
5790,5.0
4587,9
6079,8.0
6075,2.0
6067,8.0
5513,3
6076,9.0
4716,9.0
6070,6.0
4444,9.0
5509,3.0
4656,9.0
6064,19.0
6065,13
4732,9
6066,10
6062,9
4443,7
6080,9
6081,5.0
6074,2.0
6071,6
6017,16
5235,6
6009,7
5968,16.0
5822,9.0
5246,8.0
5971,8.0
5722,9.0
5961,7
4496,9.0
5231,9.0
5593,9.0
5877,6
5942,7
5935,7
5930,2
5926,6.0
4856,7
5778,5.0
5770,7.0
5641,8
5624,12
5858,4
4580,7
5802,5
5283,5
5640,9.0
5803,8.0
5653,9.0
5623,9
5841,9.0
5839,16.0
5835,8
5843,3.0
5840,8
5842,9
5636,6.0
5635,5
5827,9
5837,6.0
5825,3.0
5834,7.0
5836,8.0
5832,9
5543,7.0
5714,2.0
5306,9.0
5787,8
4458,9.0
5779,8.0
5708,6.0
5577,7.0
5449,9.0
5815,9
4590,6
5748,9.0
5480,9.0
5793,7
5652,6.0
5463,9.0
5086,9
5095,3
4615,9.0
5751,7
5747,7
5746,8
5744,3.0
5704,7
4449,6.0
5712,7
5597,22
5473,8.0
5634,19
5633,9
5637,8
5638,8.0
5621,2
5620,9
4476,8
5608,7
5614,9.0
5615,4.0
5564,8.0
4948,9.0
4731,9.0
4692,9
5537,6.0
4968,9.0
5591,9.0
5589,2.0
5585,16.0
5586,16.0
5587,5.0
5588,14
5028,9.0
5570,6.0
5169,8.0
5462,8
5541,3.0
4545,3.0
4448,8.0
4904,9
5250,12
5498,6
5500,3.0
5056,9.0
5211,8
5487,9.0
5486,19.0
5490,6
5488,8.0
5008,9.0
5333,8.0
5368,6.0
4526,7.0
5171,8
4694,7.0
5354,5.0
5353,16.0
5352,4
5360,16
5363,16
5301,5
4553,9
4934,9
5331,16
5329,6.0
5280,8
5327,5.0
4515,3.0
5196,6
5328,6
5126,9.0
5190,9.0
5091,9
5285,3
5274,7
4984,9.0
4983,9
5261,9.0
5244,4
4467,9.0
5271,7.0
5030,8
4901,9.0
5054,8
4533,5.0
4609,9.0
5217,9.0
5267,7
5072,6
5166,4
5255,11
4499,6.0
4500,8
4687,9
5174,1
4939,5
4744,9.0
5198,8
5197,7
5173,9.0
5187,8.0
5090,6.0
5170,9.0
4988,7.0
5172,6
4552,9.0
5060,9
4900,8
5066,6.0
4624,9.0
5063,9.0
5049,9
5099,6
5084,3
5083,3.0
5007,8.0
5092,15.0
4989,5
5065,13.0
4887,3.0
5064,10
5050,9.0
4644,8.0
5006,16
4775,8.0
4998,19
5002,6
4996,9
4997,7.0
4999,9
4995,8
5000,9.0
5001,3.0
4994,3
4679,9.0
4770,9
4975,8
4979,4
4974,3.0
4976,8.0
4977,5.0
4969,3.0
4972,3.0
4555,9
4623,9.0
4558,9.0
4490,9.0
4935,7
4665,6.0
4906,8.0
4860,6.0
4931,10
4923,7
4902,21.0
4913,9
4581,9
4851,3.0
4741,7.0
4612,9
4647,8.0
4429,8
4685,9.0
4835,6
4855,9
4797,6.0
4683,8.0
4584,8.0
4808,8
4588,8
4677,8
4761,8.0
4828,9.0
4831,9.0
4844,4.0
4631,7.0
4807,6.0
4812,9
4813,16.0
4589,8.0
4809,6
4826,9.0
4743,7.0
4799,8.0
4684,7.0
4805,13
4491,8.0
4492,9.0
4783,7.0
4776,8
4758,7.0
4760,16
4766,8
4651,9.0
4746,7
4535,9.0
4762,16.0
4472,25
4547,9.0
4519,7.0
4740,9
4538,8
4730,8.0
4658,9.0
4657,5.0
4672,6
4512,9
4556,9.0
4603,7
4655,7.0
4638,5
4637,7.0
4607,9
4627,8
4416,9
4625,9.0
4465,5
4613,9
4557,7
4462,9.0
4537,16
10668,11.0
10665,5.0
10657,5.0
10656,16.0
10647,5.0
10607,6.0
10642,7.0
10641,10.0
10636,19.0
10635,6.0
10628,14.0
10612,8.0
10617,8.0
10608,6.0
10601,8.0
10552,4.0
10579,8.0
10589,4.0
10580,3.0
10555,4.0
10382,7.0
10547,9.0
10548,8.0
10536,8.0
10526,6.0
10530,6.0
10517,11.0
10504,19.0
10520,7.0
10501,8.0
10495,16.0
9739,2.0
9017,2.0
10441,9.0
10486,2.0
9911,6.0
10483,8.0
10459,13.0
10450,11.0
10446,14.0
10449,16.0
10439,16.0
10436,9.0
10435,7.0
6634,6.0
10416,13.0
10415,9.0
10407,16.0
10405,7.0
10410,5.0
10383,16.0
10385,20.0
10379,3.0
10380,11.0
10369,3.0
10351,22.0
10359,9.0
10346,2.0
10341,10.0
10331,6.0
10322,7.0
10317,2.0
10306,6.0
10289,7.0
10285,10.0
10260,8.0
10250,4.0
10251,8.0
10232,6.0
10231,22.0
10229,16.0
10215,10.0
10211,11.0
10198,12.0
10046,2.0
10161,14.0
10160,3.0
10156,2.0
10143,3.0
10145,8.0
10140,14.0
10138,11.0
10133,11.0
10136,4.0
10135,1.0
10134,1.0
10123,3.0
10122,1.0
10118,13.0
10112,14.0
10110,10.0
10107,5.0
10102,9.0
10101,16.0
10038,3.0
10061,1.0
10065,14.0
10032,10.0
10031,10.0
7330,9.0
9964,19.0
10009,3.0
10023,9.0
10005,5.0
9993,16.0
9977,11.0
9988,6.0
9990,7.0
9975,6.0
9970,5.0
9956,22.0
9948,8.0
9954,14.0
9952,10.0
9935,7.0
9938,4.0
9491,8.0
9918,3.0
8201,2.0
8735,9.0
9841,11.0
9834,6.0
9829,2.0
9828,10.0
9811,5.0
9441,8.0
9767,8.0
9761,3.0
9737,7.0
9731,16.0
9726,7.0
9723,10.0
9690,9.0
9713,8.0
9705,14.0
9707,10.0
9695,14.0
9670,12.0
9667,12.0
9661,16.0
9624,8.0
8528,5.0
9644,9.0
9633,12.0
9631,15.0
9620,8.0
9108,7.0
9591,7.0
9598,9.0
9595,8.0
9593,12.0
9589,4.0
9587,7.0
9571,9.0
9468,16.0
9542,11.0
9529,2.0
9528,5.0
9538,6.0
9516,19.0
9506,10.0
9489,1.0
9478,6.0
9465,3.0
9457,9.0
9445,7.0
9435,6.0
9436,7.0
9421,4.0
9409,6.0
9407,1.0
9399,7.0
9398,9.0
9391,12.0
9385,8.0
9383,8.0
8428,16.0
9343,9.0
9342,5.0
9333,4.0
9331,5.0
9328,8.0
9318,4.0
9310,4.0
9292,4.0
9288,6.0
9269,8.0
9258,7.0
9254,8.0
9071,10.0
9232,13.0
9207,9.0
9204,5.0
9205,16.0
9201,5.0
9195,13.0
9190,16.0
9188,4.0
9191,14.0
9192,2.0
9168,5.0
9174,19.0
9022,5.0
9152,5.0
9134,6.0
9115,3.0
9114,0.0
9106,4.0
9101,4.0
9096,9.0
9068,8.0
9070,11.0
9063,11.0
9064,10.0
9065,6.0
9058,4.0
9057,12.0
9051,11.0
9034,2.0
9019,4.0
8910,8.0
9018,12.0
9004,7.0
9007,13.0
8991,16.0
8988,5.0
8987,9.0
8949,6.0
8932,6.0
8947,5.0
8928,7.0
8952,7.0
8967,9.0
8921,2.0
8888,12.0
8889,1.0
8875,16.0
8864,7.0
8430,6.0
8854,13.0
8862,8.0
8855,1.0
8858,2.0
8836,2.0
8830,14.0
8809,6.0
8807,6.0
8803,10.0
8765,9.0
8785,7.0
8760,3.0
8771,24.0
8776,13.0
8754,8.0
8767,3.0
8766,8.0
8750,12.0
8742,4.0
8740,2.0
8734,10.0
8724,7.0
8694,9.0
8678,9.0
8685,9.0
8673,7.0
8650,8.0
8651,9.0
8666,16.0
8638,2.0
8586,2.0
8632,16.0
8595,7.0
8610,7.0
8599,9.0
8593,7.0
8585,16.0
8516,3.0
8561,7.0
8558,6.0
8544,7.0
8525,7.0
8538,4.0
8534,7.0
8532,3.0
8529,3.0
7389,8.0
8489,9.0
8492,5.0
8501,11.0
8482,5.0
8477,9.0
8475,14.0
7435,4.0
8466,17.0
7521,5.0
8457,9.0
8385,9.0
8448,9.0
7858,6.0
8432,5.0
8421,14.0
8406,4.0
8419,5.0
8416,1.0
8413,4.0
8400,4.0
8397,20.0
8394,13.0
8393,7.0
8388,2.0
8368,12.0
8341,24.0
8340,14.0
8338,2.0
8318,3.0
8312,3.0
8322,11.0
8319,4.0
8313,14.0
8314,12.0
8303,3.0
8301,2.0
8307,16.0
8179,4.0
8293,5.0
8261,5.0
8271,10.0
8266,11.0
8268,11.0
8265,9.0
7143,23.0
8260,16.0
8090,4.0
7171,5.0
6028,8.0
8188,8.0
8162,9.0
8153,3.0
8144,7.0
8142,12.0
8138,14.0
8126,18.0
8107,16.0
8098,1.0
8093,8.0
8089,3.0
8087,13.0
8083,18.0
8080,9.0
8072,7.0
8071,5.0
8058,8.0
8059,4.0
8056,17.0
8057,3.0
8039,16.0
8037,7.0
8019,9.0
8035,4.0
8022,6.0
7992,20.0
7985,4.0
7959,7.0
7957,16.0
7953,9.0
7943,6.0
7942,16.0
7923,14.0
7921,6.0
7913,3.0
7895,4.0
7902,4.0
7854,7.0
7850,10.0
7849,6.0
7833,9.0
7846,8.0
7838,9.0
5976,5.0
7810,10.0
7808,9.0
7802,3.0
7741,1.0
7700,9.0
7708,3.0
7766,8.0
7770,10.0
7755,6.0
7771,9.0
7648,5.0
7750,4.0
7772,5.0
7760,0.0
7757,0.0
7779,5.0
7730,7.0
7725,8.0
7722,8.0
7689,4.0
7656,7.0
7659,9.0
7652,9.0
7644,3.0
7629,6.0
7630,3.0
7627,5.0
7622,12.0
7620,3.0
7618,11.0
7573,7.0
7572,9.0
7569,2.0
7570,7.0
7565,3.0
7564,14.0
7534,9.0
7530,1.0
7513,14.0
7509,16.0
7496,8.0
7333,8.0
7484,8.0
7485,5.0
7469,3.0
7466,8.0
7457,17.0
7462,4.0
7453,7.0
7451,8.0
7444,8.0
7439,3.0
7420,16.0
7428,9.0
7432,8.0
7423,12.0
7426,8.0
7412,14.0
7407,1.0
7400,9.0
7396,2.0
6169,4.0
7364,6.0
7360,1.0
7356,2.0
7355,11.0
7357,10.0
7358,3.0
7337,5.0
7260,6.0
7288,7.0
7282,2.0
7269,4.0
7272,13.0
6962,16.0
7254,0.0
7236,6.0
7235,14.0
7228,3.0
7215,5.0
7216,16.0
6096,5.0
7194,3.0
7191,8.0
7192,0.0
7189,9.0
7181,5.0
7161,16.0
7162,16.0
7160,8.0
7142,19.0
7138,16.0
6554,7.0
7121,8.0
7117,7.0
7115,2.0
7103,16.0
7085,9.0
7075,0.0
6207,9.0
7057,8.0
7048,14.0
7016,13.0
7008,9.0
7002,4.0
7004,11.0
7006,10.0
4868,5.0
6983,8.0
6963,4.0
6948,14.0
6945,3.0
6942,1.0
6924,9.0
6918,14.0
6916,16.0
6901,19.0
5642,16.0
6891,4.0
6877,7.0
6812,16.0
6753,9.0
6831,5.0
6826,2.0
6846,3.0
6834,13.0
6850,4.0
6857,7.0
6847,9.0
6863,2.0
6836,3.0
6819,16.0
6818,9.0
6820,4.0
6821,12.0
6815,16.0
6814,4.0
6804,3.0
6786,5.0
6770,17.0
6781,9.0
6777,11.0
6735,16.0
6727,3.0
6717,6.0
6712,8.0
6711,5.0
6696,4.0
6698,7.0
5927,5.0
6677,7.0
6581,20.0
6545,19.0
6482,2.0
6483,4.0
6522,3.0
6488,0.0
6486,0.0
6480,7.0
5619,7.0
6493,4.0
6449,7.0
6456,5.0
4595,11.0
6440,7.0
5120,5.0
6354,8.0
6390,19.0
6367,3.0
6380,21.0
6358,7.0
6345,4.0
6340,2.0
6336,2.0
6319,5.0
6276,5.0
6275,8.0
6247,7.0
5718,4.0
6216,4.0
6160,3.0
5876,6.0
6077,9.0
5475,16.0
5936,16.0
4903,16.0
5889,16.0
5891,3.0
5900,1.0
5804,9.0
5826,9.0
5691,13.0
5795,3.0
5767,5.0
5756,9.0
5651,7.0
5711,20.0
5632,8.0
5382,6.0
5592,5.0
5525,19.0
5210,2.0
5507,2.0
5377,7.0
5361,8.0
5362,9.0
5358,6.0
5332,9.0
5286,16.0
5275,6.0
4862,4.0
5276,7.0
5245,6.0
5266,16.0
5253,6.0
5202,2.0
5199,16.0
5040,0.0
5037,6.0
5124,7.0
5096,5.0
4921,7.0
4944,8.0
5094,1.0
5023,14.0
5055,18.0
5003,11.0
4993,14.0
4980,4.0
4821,16.0
4771,2.0
4673,9.0
4693,22.0
